[{"model": "admin_panel.chatmessage", "pk": 1874, "fields": {"user": 35, "content": "", "timestamp": "2023-11-01T16:16:32.278Z"}}, {"model": "admin_panel.chatmessage", "pk": 1875, "fields": {"user": 35, "content": "bbb", "timestamp": "2023-11-01T16:16:37.054Z"}}, {"model": "admin_panel.chatmessage", "pk": 1876, "fields": {"user": 35, "content": "Your momma is so fat, you need to switch to NTFS to store a picture of her.", "timestamp": "2023-11-01T16:30:01.132Z"}}, {"model": "admin_panel.chatmessage", "pk": 1877, "fields": {"user": 26, "content": "My wife is really mad at the fact that I have no sense of direction.\nSo I packed up my stuff and right.", "timestamp": "2023-11-02T14:04:40.089Z"}}, {"model": "admin_panel.chatmessage", "pk": 1878, "fields": {"user": 35, "content": "Doctor: \"I have some news about your baby.\"\nParents: \"Don't tell us the gender, we want to keep it a surprise.\"\nDoctor: \"Oh I get it, you're those type of people. Okay, well IT is not breathing.\"", "timestamp": "2023-11-02T14:15:00.714Z"}}, {"model": "admin_panel.chatmessage", "pk": 1886, "fields": {"user": 35, "content": "hello", "timestamp": "2023-11-01T16:16:32.191Z"}}, {"model": "admin_panel.chatmessage", "pk": 1887, "fields": {"user": 35, "content": "hello", "timestamp": "2023-11-01T16:16:32.191Z"}}, {"model": "admin_panel.chatmessage", "pk": 1896, "fields": {"user": 26, "content": "111", "timestamp": "2023-11-03T12:02:17.836Z"}}, {"model": "admin_panel.chatmessage", "pk": 1898, "fields": {"user": 26, "content": "123", "timestamp": "2023-11-03T12:03:06.865Z"}}, {"model": "admin_panel.chatmessage", "pk": 1899, "fields": {"user": 26, "content": "nwq", "timestamp": "2023-11-03T12:03:15.075Z"}}, {"model": "admin_panel.chatmessage", "pk": 1900, "fields": {"user": 26, "content": "1", "timestamp": "2023-11-03T12:03:21.064Z"}}, {"model": "admin_panel.chatmessage", "pk": 1901, "fields": {"user": 26, "content": "2", "timestamp": "2023-11-03T12:03:21.821Z"}}, {"model": "admin_panel.chatmessage", "pk": 1902, "fields": {"user": 26, "content": "Doctor", "timestamp": "2023-11-03T12:05:18.527Z"}}, {"model": "admin_panel.chatmessage", "pk": 1903, "fields": {"user": 26, "content": "new msg", "timestamp": "2023-11-03T12:05:20.750Z"}}, {"model": "admin_panel.chatmessage", "pk": 1904, "fields": {"user": 26, "content": "last", "timestamp": "2023-11-03T12:05:22.726Z"}}, {"model": "admin_panel.chatmessage", "pk": 1906, "fields": {"user": 26, "content": "new", "timestamp": "2023-11-03T12:05:57.096Z"}}, {"model": "admin_panel.chatmessage", "pk": 1907, "fields": {"user": 26, "content": "Programming is 10% science, 20% ingenuity, and 70% getting the ingenuity to work with the science.", "timestamp": "2023-11-03T14:00:00.582Z"}}, {"model": "admin_panel.chatmessage", "pk": 1908, "fields": {"user": 26, "content": "My wife is really mad at the fact that I have no sense of direction.\nSo I packed up my stuff and right.", "timestamp": "2023-11-03T14:15:00.602Z"}}, {"model": "admin_panel.chatmessage", "pk": 1909, "fields": {"user": 26, "content": "I've got a really good UDP joke to tell you but I don’t know if you'll get it.", "timestamp": "2023-11-03T14:30:00.721Z"}}, {"model": "admin_panel.chatmessage", "pk": 1910, "fields": {"user": 26, "content": "hhh", "timestamp": "2023-11-03T14:33:21.638Z"}}, {"model": "admin_panel.chatmessage", "pk": 1911, "fields": {"user": 26, "content": "111", "timestamp": "2023-11-03T14:43:46.158Z"}}, {"model": "admin_panel.chatmessage", "pk": 1912, "fields": {"user": 26, "content": "321", "timestamp": "2023-11-03T14:43:54.168Z"}}, {"model": "admin_panel.chatmessage", "pk": 1913, "fields": {"user": 26, "content": "The glass is neither half-full nor half-empty, the glass is twice as big as it needs to be.", "timestamp": "2023-11-03T14:45:01.721Z"}}, {"model": "admin_panel.chatmessage", "pk": 1914, "fields": {"user": 26, "content": "333", "timestamp": "2023-11-03T14:46:27.816Z"}}, {"model": "admin_panel.chatmessage", "pk": 1915, "fields": {"user": 33, "content": "Programming is 10% science, 20% ingenuity, and 70% getting the ingenuity to work with the science.", "timestamp": "2023-11-03T14:48:27.481Z"}}, {"model": "admin_panel.chatmessage", "pk": 1916, "fields": {"user": 26, "content": "123", "timestamp": "2023-11-03T14:48:32.701Z"}}, {"model": "admin_panel.chatmessage", "pk": 1917, "fields": {"user": 35, "content": "222", "timestamp": "2023-11-03T14:48:40.448Z"}}, {"model": "admin_panel.chatmessage", "pk": 1918, "fields": {"user": 33, "content": "Java is like Alzheimer's, it starts off slow, but eventually, your memory is gone.", "timestamp": "2023-11-03T14:48:42.214Z"}}, {"model": "admin_panel.chatmessage", "pk": 1919, "fields": {"user": 33, "content": "Hey girl are you a school? Because I want to shoot some kids up inside of you.", "timestamp": "2023-11-03T14:48:57.215Z"}}, {"model": "admin_panel.chatmessage", "pk": 1920, "fields": {"user": 33, "content": "Hey girl are you a school? Because I want to shoot some kids up inside of you.", "timestamp": "2023-11-03T14:49:12.258Z"}}, {"model": "admin_panel.chatmessage", "pk": 1921, "fields": {"user": 33, "content": "UDP is better in the COVID era since it avoids unnecessary handshakes.", "timestamp": "2023-11-03T14:49:27.220Z"}}, {"model": "admin_panel.chatmessage", "pk": 1922, "fields": {"user": 33, "content": "A SQL statement walks into a bar and sees two tables.\nIt approaches, and asks \"may I join you?\"", "timestamp": "2023-11-03T14:49:42.245Z"}}, {"model": "admin_panel.chatmessage", "pk": 1923, "fields": {"user": 33, "content": "A guy walks into a bar and asks for 1.4 root beers.\nThe bartender says \"I'll have to charge you extra, that's a root beer float\".\nThe guy says \"In that case, better make it a double.\"", "timestamp": "2023-11-03T14:49:57.196Z"}}, {"model": "admin_panel.chatmessage", "pk": 1924, "fields": {"user": 33, "content": "I've got a really good UDP joke to tell you but I don’t know if you'll get it.", "timestamp": "2023-11-03T14:50:42.224Z"}}, {"model": "admin_panel.chatmessage", "pk": 1925, "fields": {"user": 33, "content": "Programming is 10% science, 20% ingenuity, and 70% getting the ingenuity to work with the science.", "timestamp": "2023-11-03T14:50:57.797Z"}}, {"model": "admin_panel.chatmessage", "pk": 1926, "fields": {"user": 33, "content": "I visited my friend at his new house. He told me to make myself at home. So I threw him out. I hate having visitors.", "timestamp": "2023-11-03T14:51:12.192Z"}}, {"model": "admin_panel.chatmessage", "pk": 1927, "fields": {"user": 33, "content": "A byte walks into a bar looking miserable.\nThe bartender asks it: \"What's wrong buddy?\"\n\"Parity error.\" it replies. \n\"Ah that makes sense, I thought you looked a bit off.\"", "timestamp": "2023-11-03T14:51:27.690Z"}}, {"model": "admin_panel.chatmessage", "pk": 1928, "fields": {"user": 33, "content": "My ex had an accident. I told the paramedics the wrong blood type for her. She'll finally experience what rejection is really like.", "timestamp": "2023-11-03T14:51:42.267Z"}}, {"model": "admin_panel.chatmessage", "pk": 1929, "fields": {"user": 33, "content": "In Soviet Russia, gay sex gets you arrested. In America, getting arrested gets you gay sex.", "timestamp": "2023-11-03T14:51:58.313Z"}}, {"model": "admin_panel.chatmessage", "pk": 1930, "fields": {"user": 33, "content": "Two reasons I don't give money to homeless people.\n1) They are going to spend it all on drugs and alcohol\n2) I am going to spend it all on drugs and alcohol.", "timestamp": "2023-11-03T14:52:12.471Z"}}, {"model": "admin_panel.fruitstorage", "pk": 1, "fields": {"name": "яблоки", "amount": 969, "price": 4}}, {"model": "admin_panel.fruitstorage", "pk": 2, "fields": {"name": "ананасы", "amount": 5, "price": 3}}, {"model": "admin_panel.fruitstorage", "pk": 3, "fields": {"name": "персики", "amount": 4, "price": 2}}, {"model": "admin_panel.fruitstorage", "pk": 4, "fields": {"name": "бананы", "amount": 18, "price": 1}}, {"model": "admin_panel.operationjournal", "pk": 6549, "fields": {"type": "sell", "amount": 5, "total_price": 5, "status": "SUCCESS", "fruit": 4, "timestamp": "2023-11-03T14:51:35.739Z"}}, {"model": "admin_panel.operationjournal", "pk": 6550, "fields": {"type": "buy", "amount": 6, "total_price": 18, "status": "SUCCESS", "fruit": 2, "timestamp": "2023-11-03T14:51:35.806Z"}}, {"model": "admin_panel.operationjournal", "pk": 6551, "fields": {"type": "sell", "amount": 15, "total_price": 30, "status": "ERROR", "fruit": 3, "timestamp": "2023-11-03T14:51:35.950Z"}}, {"model": "admin_panel.operationjournal", "pk": 6552, "fields": {"type": "buy", "amount": 5, "total_price": 20, "status": "SUCCESS", "fruit": 1, "timestamp": "2023-11-03T14:51:36.007Z"}}, {"model": "admin_panel.operationjournal", "pk": 6553, "fields": {"type": "buy", "amount": 18, "total_price": 18, "status": "ERROR", "fruit": 4, "timestamp": "2023-11-03T14:51:38.733Z"}}, {"model": "admin_panel.operationjournal", "pk": 6554, "fields": {"type": "sell", "amount": 1, "total_price": 3, "status": "SUCCESS", "fruit": 2, "timestamp": "2023-11-03T14:51:38.784Z"}}, {"model": "admin_panel.operationjournal", "pk": 6555, "fields": {"type": "sell", "amount": 3, "total_price": 12, "status": "SUCCESS", "fruit": 1, "timestamp": "2023-11-03T14:51:42.308Z"}}, {"model": "admin_panel.operationjournal", "pk": 6556, "fields": {"type": "buy", "amount": 12, "total_price": 24, "status": "SUCCESS", "fruit": 3, "timestamp": "2023-11-03T14:51:42.374Z"}}, {"model": "admin_panel.operationjournal", "pk": 6557, "fields": {"type": "sell", "amount": 16, "total_price": 32, "status": "ERROR", "fruit": 3, "timestamp": "2023-11-03T14:51:42.441Z"}}, {"model": "admin_panel.operationjournal", "pk": 6558, "fields": {"type": "buy", "amount": 5, "total_price": 20, "status": "ERROR", "fruit": 1, "timestamp": "2023-11-03T14:51:42.557Z"}}, {"model": "admin_panel.operationjournal", "pk": 6559, "fields": {"type": "buy", "amount": 18, "total_price": 18, "status": "ERROR", "fruit": 4, "timestamp": "2023-11-03T14:51:47.770Z"}}, {"model": "admin_panel.operationjournal", "pk": 6560, "fields": {"type": "sell", "amount": 28, "total_price": 28, "status": "SUCCESS", "fruit": 4, "timestamp": "2023-11-03T14:51:47.839Z"}}, {"model": "admin_panel.operationjournal", "pk": 6561, "fields": {"type": "sell", "amount": 8, "total_price": 24, "status": "ERROR", "fruit": 2, "timestamp": "2023-11-03T14:51:47.899Z"}}, {"model": "admin_panel.operationjournal", "pk": 6562, "fields": {"type": "buy", "amount": 1, "total_price": 3, "status": "SUCCESS", "fruit": 2, "timestamp": "2023-11-03T14:51:47.954Z"}}, {"model": "admin_panel.operationjournal", "pk": 6563, "fields": {"type": "sell", "amount": 7, "total_price": 14, "status": "SUCCESS", "fruit": 3, "timestamp": "2023-11-03T14:51:48.017Z"}}, {"model": "admin_panel.operationjournal", "pk": 6564, "fields": {"type": "buy", "amount": 9, "total_price": 36, "status": "SUCCESS", "fruit": 1, "timestamp": "2023-11-03T14:51:48.115Z"}}, {"model": "admin_panel.operationjournal", "pk": 6565, "fields": {"type": "sell", "amount": 9, "total_price": 18, "status": "ERROR", "fruit": 3, "timestamp": "2023-11-03T14:51:53.823Z"}}, {"model": "admin_panel.operationjournal", "pk": 6566, "fields": {"type": "buy", "amount": 4, "total_price": 16, "status": "ERROR", "fruit": 1, "timestamp": "2023-11-03T14:51:53.892Z"}}, {"model": "admin_panel.operationjournal", "pk": 6567, "fields": {"type": "sell", "amount": 10, "total_price": 40, "status": "SUCCESS", "fruit": 1, "timestamp": "2023-11-03T14:51:58.358Z"}}, {"model": "admin_panel.operationjournal", "pk": 6568, "fields": {"type": "buy", "amount": 14, "total_price": 14, "status": "SUCCESS", "fruit": 4, "timestamp": "2023-11-03T14:51:58.425Z"}}, {"model": "admin_panel.operationjournal", "pk": 6569, "fields": {"type": "buy", "amount": 14, "total_price": 28, "status": "SUCCESS", "fruit": 3, "timestamp": "2023-11-03T14:51:58.543Z"}}, {"model": "admin_panel.operationjournal", "pk": 6570, "fields": {"type": "sell", "amount": 10, "total_price": 30, "status": "ERROR", "fruit": 2, "timestamp": "2023-11-03T14:51:58.603Z"}}, {"model": "admin_panel.operationjournal", "pk": 6571, "fields": {"type": "sell", "amount": 7, "total_price": 7, "status": "SUCCESS", "fruit": 4, "timestamp": "2023-11-03T14:51:59.795Z"}}, {"model": "admin_panel.operationjournal", "pk": 6572, "fields": {"type": "buy", "amount": 3, "total_price": 9, "status": "ERROR", "fruit": 2, "timestamp": "2023-11-03T14:51:59.863Z"}}, {"model": "admin_panel.operationjournal", "pk": 6573, "fields": {"type": "sell", "amount": 6, "total_price": 12, "status": "SUCCESS", "fruit": 3, "timestamp": "2023-11-03T14:51:59.917Z"}}, {"model": "admin_panel.operationjournal", "pk": 6574, "fields": {"type": "buy", "amount": 2, "total_price": 8, "status": "SUCCESS", "fruit": 1, "timestamp": "2023-11-03T14:51:59.975Z"}}, {"model": "admin_panel.operationjournal", "pk": 6575, "fields": {"type": "buy", "amount": 18, "total_price": 18, "status": "ERROR", "fruit": 4, "timestamp": "2023-11-03T14:52:05.746Z"}}, {"model": "admin_panel.operationjournal", "pk": 6576, "fields": {"type": "sell", "amount": 3, "total_price": 9, "status": "SUCCESS", "fruit": 2, "timestamp": "2023-11-03T14:52:05.863Z"}}, {"model": "admin_panel.operationjournal", "pk": 6577, "fields": {"type": "sell", "amount": 19, "total_price": 38, "status": "ERROR", "fruit": 3, "timestamp": "2023-11-03T14:52:06.030Z"}}, {"model": "admin_panel.operationjournal", "pk": 6578, "fields": {"type": "buy", "amount": 5, "total_price": 20, "status": "SUCCESS", "fruit": 1, "timestamp": "2023-11-03T14:52:06.136Z"}}, {"model": "admin_panel.operationjournal", "pk": 6579, "fields": {"type": "sell", "amount": 8, "total_price": 32, "status": "SUCCESS", "fruit": 1, "timestamp": "2023-11-03T14:52:12.500Z"}}, {"model": "admin_panel.operationjournal", "pk": 6580, "fields": {"type": "buy", "amount": 6, "total_price": 12, "status": "SUCCESS", "fruit": 3, "timestamp": "2023-11-03T14:52:12.635Z"}}, {"model": "admin_panel.operationjournal", "pk": 6581, "fields": {"type": "sell", "amount": 9, "total_price": 9, "status": "SUCCESS", "fruit": 4, "timestamp": "2023-11-03T14:52:12.693Z"}}, {"model": "admin_panel.operationjournal", "pk": 6582, "fields": {"type": "buy", "amount": 3, "total_price": 9, "status": "SUCCESS", "fruit": 2, "timestamp": "2023-11-03T14:52:12.748Z"}}, {"model": "admin_panel.operationjournal", "pk": 6583, "fields": {"type": "sell", "amount": 17, "total_price": 34, "status": "SUCCESS", "fruit": 3, "timestamp": "2023-11-03T14:52:12.801Z"}}, {"model": "admin_panel.operationjournal", "pk": 6584, "fields": {"type": "buy", "amount": 2, "total_price": 8, "status": "SUCCESS", "fruit": 1, "timestamp": "2023-11-03T14:52:12.860Z"}}, {"model": "admin_panel.operationjournal", "pk": 6585, "fields": {"type": "buy", "amount": 10, "total_price": 10, "status": "SUCCESS", "fruit": 4, "timestamp": "2023-11-03T14:52:14.743Z"}}, {"model": "admin_panel.operationjournal", "pk": 6586, "fields": {"type": "sell", "amount": 3, "total_price": 9, "status": "SUCCESS", "fruit": 2, "timestamp": "2023-11-03T14:52:14.850Z"}}, {"model": "admin_panel.operationjournal", "pk": 6587, "fields": {"type": "sell", "amount": 8, "total_price": 16, "status": "ERROR", "fruit": 3, "timestamp": "2023-11-03T14:52:17.819Z"}}, {"model": "admin_panel.operationjournal", "pk": 6588, "fields": {"type": "buy", "amount": 4, "total_price": 16, "status": "SUCCESS", "fruit": 1, "timestamp": "2023-11-03T14:52:17.876Z"}}, {"model": "admin_panel.bank", "pk": 1, "fields": {"balance": 30}}, {"model": "admin_panel.declaration", "pk": 1, "fields": {"file": "1699002670.321057.pdf", "timestamp": "2023-11-03T09:11:10.323Z"}}, {"model": "admin_panel.declaration", "pk": 2, "fields": {"file": "1699004394.770339.jpeg", "timestamp": "2023-11-03T09:39:54.770Z"}}, {"model": "admin_panel.declaration", "pk": 3, "fields": {"file": "1699004685.731209.jpeg", "timestamp": "2022-11-03T09:44:45.731Z"}}, {"model": "admin_panel.declaration", "pk": 4, "fields": {"file": "1699004735.712748.jpeg", "timestamp": "2023-11-03T09:45:35.713Z"}}, {"model": "admin_panel.declaration", "pk": 5, "fields": {"file": "1699005303.126816.jpeg", "timestamp": "2023-11-03T09:55:03.127Z"}}, {"model": "admin_panel.declaration", "pk": 6, "fields": {"file": "1699005346.02836.jpeg", "timestamp": "2023-11-03T09:55:46.029Z"}}, {"model": "admin_panel.declaration", "pk": 7, "fields": {"file": "1699005500.691374.jpeg", "timestamp": "2023-11-03T09:58:20.692Z"}}, {"model": "admin_panel.declaration", "pk": 8, "fields": {"file": "1699005517.773193.jpeg", "timestamp": "2023-11-03T09:58:37.773Z"}}, {"model": "admin_panel.declaration", "pk": 9, "fields": {"file": "1699007834.161382.jpeg", "timestamp": "2023-11-03T10:37:14.161Z"}}, {"model": "admin_panel.declaration", "pk": 10, "fields": {"file": "1699007841.46945.jpeg", "timestamp": "2023-11-03T10:37:21.469Z"}}, {"model": "admin_panel.declaration", "pk": 11, "fields": {"file": "1699007864.937706.jpeg", "timestamp": "2023-11-03T10:37:44.938Z"}}, {"model": "admin_panel.declaration", "pk": 12, "fields": {"file": "1699008098.363678.jpeg", "timestamp": "2023-11-03T10:41:38.364Z"}}, {"model": "admin_panel.declaration", "pk": 13, "fields": {"file": "1699008130.546438.jpeg", "timestamp": "2023-11-03T10:42:10.546Z"}}, {"model": "admin_panel.declaration", "pk": 14, "fields": {"file": "1699008150.395197.jpeg", "timestamp": "2023-11-03T10:42:30.395Z"}}, {"model": "admin_panel.declaration", "pk": 15, "fields": {"file": "1699017564.659715.jpeg", "timestamp": "2023-11-03T13:19:24.662Z"}}, {"model": "auth.user", "pk": 26, "fields": {"password": "pbkdf2_sha256$600000$Wbz13Dl0esYybwuxaZGvRN$F5axFbN5/lQEGbidE70XwX1OdwFDTfS4zNi9tnXU2Is=", "last_login": "2023-11-03T14:52:05.329Z", "is_superuser": false, "username": "bad_degox", "first_name": "Bad", "last_name": "Degox", "email": "badwix@gmail.com", "is_staff": false, "is_active": true, "date_joined": "2023-10-24T18:43:47.940Z", "groups": [], "user_permissions": []}}, {"model": "auth.user", "pk": 33, "fields": {"password": "pbkdf2_sha256$600000$cAuyGEdkJF2qcSh7fVN6GG$BvhatVqfXJ3wQ/8iTAiLH+Z7DTdmaJmy7v/bovfNMVU=", "last_login": "2023-08-19T07:40:11.530Z", "is_superuser": false, "username": "pi_nes", "first_name": "JOKER", "last_name": "SUPER", "email": "piwix@gmail.com", "is_staff": true, "is_active": true, "date_joined": "2023-10-24T18:43:50.206Z", "groups": [], "user_permissions": []}}, {"model": "auth.user", "pk": 34, "fields": {"password": "pbkdf2_sha256$600000$ex1ARRAgOK6BVrZFdqMCoZ$I7xBoOJnGqmDJVbTuT5MZJSx8P5GKSJVRqQmJY9kADU=", "last_login": "2023-08-20T14:31:23.678Z", "is_superuser": false, "username": "mi_bawis", "first_name": "Mi", "last_name": "Bawis", "email": "miwix@gmail.com", "is_staff": true, "is_active": true, "date_joined": "2023-10-24T18:43:51.630Z", "groups": [], "user_permissions": []}}, {"model": "auth.user", "pk": 35, "fields": {"password": "pbkdf2_sha256$600000$ex1ARRAgOK6BVrZFdqMCoZ$I7xBoOJnGqmDJVbTuT5MZJSx8P5GKSJVRqQmJY9kADU=", "last_login": "2023-08-20T14:31:23.678Z", "is_superuser": false, "username": "anonym", "first_name": "Anonym", "last_name": "", "email": "anonym@gmail.com", "is_staff": true, "is_active": true, "date_joined": "2023-10-24T18:43:51.630Z", "groups": [], "user_permissions": []}}, {"model": "sessions.session", "pk": "61kvg8kmt72b0dt7nstgg0uctqhjbptl", "fields": {"session_data": ".eJxVjMsOwiAQRf-FtSFQhpdL934DYYCRqqFJaVfGf1eSLnR7zzn3xULctxr2XtYwZ3Zmk2Gn3xFjepQ2SL7Hdlt4Wtq2zsiHwg_a-XXJ5Xk53L-DGnv91qQmJaRT1iUyqTiUOUOUIBJFAVoTaEIkSwqgoNQeCMj7AdAWk9n7Aw-7OHg:1qyu00:-FYxiwYQNJyOsFr1ZVA1sKEXm8QCtpE_fm6s29CvvlM", "expire_date": "2023-11-17T13:14:08.681Z"}}, {"model": "sessions.session", "pk": "715m3bc9nhz693rd8jpg7ps5qudn81ut", "fields": {"session_data": ".eJxVjMsOwiAQRf-FtSFQhpdL934DYYCRqqFJaVfGf1eSLnR7zzn3xULctxr2XtYwZ3Zmk2Gn3xFjepQ2SL7Hdlt4Wtq2zsiHwg_a-XXJ5Xk53L-DGnv91qQmJaRT1iUyqTiUOUOUIBJFAVoTaEIkSwqgoNQeCMj7AdAWk9n7Aw-7OHg:1qyZBX:gsoM9i0YNiO5g6YsXto2op7uARHWpHOw_PUykXgBhlM", "expire_date": "2023-11-16T15:00:39.806Z"}}, {"model": "sessions.session", "pk": "j5w33dwoprpuwue53qycx5n6j23c6756", "fields": {"session_data": ".eJxVjMsOwiAQRf-FtSFQhpdL934DYYCRqqFJaVfGf1eSLnR7zzn3xULctxr2XtYwZ3Zmk2Gn3xFjepQ2SL7Hdlt4Wtq2zsiHwg_a-XXJ5Xk53L-DGnv91qQmJaRT1iUyqTiUOUOUIBJFAVoTaEIkSwqgoNQeCMj7AdAWk9n7Aw-7OHg:1qyugW:Z8QTO7OqKX_l9Xeqj-8qj9ZFl0TAcGm7C7GbqRK3jT0", "expire_date": "2023-11-17T13:58:04.122Z"}}, {"model": "sessions.session", "pk": "jgdkbpmjvjfd83tcg5ktntlkn2mipsef", "fields": {"session_data": ".eJxVjMsOwiAQRf-FtSFQhpdL934DYYCRqqFJaVfGf1eSLnR7zzn3xULctxr2XtYwZ3Zmk2Gn3xFjepQ2SL7Hdlt4Wtq2zsiHwg_a-XXJ5Xk53L-DGnv91qQmJaRT1iUyqTiUOUOUIBJFAVoTaEIkSwqgoNQeCMj7AdAWk9n7Aw-7OHg:1qyZCt:Ec5oWvxufCMOCd_nTlorH6unXmBaNdwXEJJj_G4JQmI", "expire_date": "2023-11-16T15:02:03.947Z"}}, {"model": "sessions.session", "pk": "oc9hm1jc9wtu4j00kemn0jjzqh5xxotn", "fields": {"session_data": ".eJxVjMsOwiAQRf-FtSFQhpdL934DYYCRqqFJaVfGf1eSLnR7zzn3xULctxr2XtYwZ3Zmk2Gn3xFjepQ2SL7Hdlt4Wtq2zsiHwg_a-XXJ5Xk53L-DGnv91qQmJaRT1iUyqTiUOUOUIBJFAVoTaEIkSwqgoNQeCMj7AdAWk9n7Aw-7OHg:1qyuUq:VAMxR9HlhLk1oDevXxK2Q4fX16P8k67SsOrGvF29ynk", "expire_date": "2023-11-17T13:46:00.431Z"}}, {"model": "sessions.session", "pk": "pa06bsma61ewtw5x0jj3tsjdo7o6s4xy", "fields": {"session_data": "e30:1qy8ot:wYgK6tqju0nsxWDFGC1WRx37EeeNa9bX05EI-TrKGoA", "expire_date": "2023-11-15T10:51:31.081Z"}}, {"model": "sessions.session", "pk": "qrplttqndkqm7fht58kmjz9zhj45rbkg", "fields": {"session_data": ".eJxVjMsOwiAQRf-FtSFQhpdL934DYYCRqqFJaVfGf1eSLnR7zzn3xULctxr2XtYwZ3Zmk2Gn3xFjepQ2SL7Hdlt4Wtq2zsiHwg_a-XXJ5Xk53L-DGnv91qQmJaRT1iUyqTiUOUOUIBJFAVoTaEIkSwqgoNQeCMj7AdAWk9n7Aw-7OHg:1qysie:6PZk8GO1tzUc8sd7_raUR3OJ_Svsl1VYJtMRGzVeLZA", "expire_date": "2023-11-17T11:52:08.077Z"}}, {"model": "sessions.session", "pk": "qt2kd3hna5im0lgix1rat5n1kdihu0ku", "fields": {"session_data": ".eJxVjMsOwiAQRf-FtSFQhpdL934DYYCRqqFJaVfGf1eSLnR7zzn3xULctxr2XtYwZ3Zmk2Gn3xFjepQ2SL7Hdlt4Wtq2zsiHwg_a-XXJ5Xk53L-DGnv91qQmJaRT1iUyqTiUOUOUIBJFAVoTaEIkSwqgoNQeCMj7AdAWk9n7Aw-7OHg:1qyYIa:7LJHJYV5RTbG-Wn-U1XVCq9VhxBft1eOccGlOBgjvm0", "expire_date": "2023-11-16T14:03:52.508Z"}}, {"model": "sessions.session", "pk": "tmjth0t3xm3nvxxhwmujqmqqcn3ttf7g", "fields": {"session_data": ".eJxVjMsOwiAQRf-FtSFQhpdL934DYYCRqqFJaVfGf1eSLnR7zzn3xULctxr2XtYwZ3Zmk2Gn3xFjepQ2SL7Hdlt4Wtq2zsiHwg_a-XXJ5Xk53L-DGnv91qQmJaRT1iUyqTiUOUOUIBJFAVoTaEIkSwqgoNQeCMj7AdAWk9n7Aw-7OHg:1qyvWn:eFlVi4k2RT6bHL8bq-ekiPuQfW7NFM8cgeaCPKwwbbk", "expire_date": "2023-11-17T14:52:05.332Z"}}, {"model": "sessions.session", "pk": "ts7fnt41pgeacrgv9czo4x468n89whnd", "fields": {"session_data": ".eJxVjMsOwiAQRf-FtSFQhpdL934DYYCRqqFJaVfGf1eSLnR7zzn3xULctxr2XtYwZ3Zmk2Gn3xFjepQ2SL7Hdlt4Wtq2zsiHwg_a-XXJ5Xk53L-DGnv91qQmJaRT1iUyqTiUOUOUIBJFAVoTaEIkSwqgoNQeCMj7AdAWk9n7Aw-7OHg:1qytIQ:Pb42Q--9_o2wK_oZZntGShy5vIaBaII3paK4Kr5HHy8", "expire_date": "2023-11-17T12:29:06.223Z"}}]